{
    "$schema": "./node_modules/@angular/cli/lib/config/schema.json",
    "project": {
        "name": "shop"
    },
    "apps": [{
        "root": "src",
        "outDir": "dist",
        "assets": [
            "assets",
            "favicon.ico"
        ],
        "index": "index.html",
        "main": "main.ts",
        "polyfills": "polyfills.ts",
        "test": "test.ts",
        "tsconfig": "tsconfig.app.json",
        "testTsconfig": "tsconfig.spec.json",
        "prefix": "app",
        "styles": [
            "styles.css",
            "../node_modules/bootstrap/dist/css/bootstrap.css",
            "../node_modules/font-awesome/css/font-awesome.css",
            "../node_modules/flag-icon-css/css/flag-icon.css",
            "../node_modules/ngx-sharebuttons/styles/share-buttons.css",
            "../node_modules/ngx-sharebuttons/styles/themes/modern/modern-light-theme.css",
            "../node_modules/ngx-sharebuttons/styles/themes/circles/circles-theme.css",
            "../node_modules/videogular2/fonts/videogular.css",
            "../node_modules/ng-pick-datetime/assets/style/picker.min.css",
            "../node_modules/video.js/dist/video-js.min.css"
        ],
        "scripts": [
            "../node_modules/jquery/dist/jquery.js",
            "../node_modules/bootstrap/dist/js/bootstrap.js",
            "../node_modules/video.js/dist/video.min.js"
        ],
        "environmentSource": "environments/environment.ts",
        "environments": {
            "dev": "environments/environment.ts",
            "prod": "environments/environment.prod.ts"
        }
    }],
    "e2e": {
        "protractor": {
            "config": "./protractor.conf.js"
        }
    },
    "lint": [{
            "project": "src/tsconfig.app.json",
            "exclude": "**/node_modules/**"
        },
        {
            "project": "src/tsconfig.spec.json",
            "exclude": "**/node_modules/**"
        },
        {
            "project": "e2e/tsconfig.e2e.json",
            "exclude": "**/node_modules/**"
        }
    ],
    "test": {
        "karma": {
            "config": "./karma.conf.js"
        }
    },
    "defaults": {
        "serve": {
            "port": 1234
        },
        "styleExt": "css",
        "component": {}
    }
}